The Council reaffirmed that the sovereignty and boundaries of the State of Kuwait under its resolution 833 (1993) are the "essence of the matter and that this will form the basis of the Council's priorities in dealing with the sanctions regime."|0|0.9468443393707275
The international community should prove that it is ready and willing to take the steps which will bring about practical "solutions to the problem of disarmament and international security."|2|0.6449108123779297
This matter is now being considered in the appropriate forums and the results will be presented to the United Nations.|2|0.9752513766288757
It is here that we must see the necessary function of the United Nations to exercise moral leadership among the organizations mankind has set up to bring to reality and give concrete form to its aspirations in rational institutions "which will ensure the well-being and progress of all the peoples of the world."|2|0.5126467347145081
We will spare no effort to combat these illegal activities.|2|0.5379819869995117
Presidential power and the trust of the people guarantee that democratic reforms in our country will be irreversible.|2|0.6904040575027466
We trust that moral restitution will be made to the memory of these victims.|2|0.8528328537940979
The clean-up and disposal of nuclear contamination in the Marshall Islands will require very large sums of money indeed.|0|0.8837139010429382
The upcoming referendum on the Constitution and the elections of the National Assembly and the President of the Republic "will reaffirm the establishment of a democratic tradition."|2|0.8925254940986633
In this context my Government is optimistic that the still- unresolved major international political issues will be "similarly settled."|2|0.8992624878883362
Another opportunity will arise when the Treaty on the Non-Proliferation of Nuclear Weapons (NPT) comes up for review next "April."|2|0.6800380349159241
The closing years of the twentieth century will see human society poised at a critical juncture as regards the future.|0|0.6494553089141846
It is nevertheless essential to introduce into relations between States instruments that will prevent commercial "interchange from becoming an economic war to the death."|0|0.7505772709846497
It is an undeniable fact that after the game is played official Greece will emerge more nationalistic than it was before.|0|0.8298315405845642
We seek a solution for the Croatian territories under UNPROFOR protection which will be acceptable to both sides.|2|0.9200841784477234
It is important to mention that there will be no pan-European order of peace without or against Russia.|0|0.9311478734016418
In this regard the establishment of the South Centre will have a significant bearing on the strengthening of the "foundations of such cooperation."|2|0.6961854100227356
We expect that with deliberations on and the subsequent adoption of the Agenda for Development there will be less grounds "for such criticism."|2|0.9492408037185669
This will affect the common sentiments amongst the world’s nations at a time when joint efforts are needed to solve global "issues in the interests of the development and advancement of every nation and of the entire international community."|0|0.9357528686523438
The Republic of Suriname is convinced that under Your Excellency’s guidance our deliberations during this important year "will produce tangible results."|2|0.6395043730735779
Suriname wishes to emphasize that all efforts to restore democracy in Haiti will appear to have been in vain if the rich "countries do not forthwith pool financial resources in a fund for the reconstruction and development of Haiti."|0|0.6434398889541626
There is no doubt that such regional efforts will contribute to the consolidation of regional security and serve the cause "of international peace."|2|0.5507001876831055
Sustained international assistance to Angola will be necessary in the post-agreement era and Zambia will continue to "assist the people of Angola during this period."|2|0.7482509613037109
Many sacrifices will have to be made.|0|0.7854610085487366
Such an outcome will give the people of Mozambique the opportunity to rebuild their country and truly embark on "development after many years of vicious civil war."|2|0.8518500924110413
Increased developments in science and technology will result in a globalization of the challenges we must face.|0|0.6626002192497253
This is a role that will undoubtedly increase in importance.|2|0.8855962753295898
Sweden will continue to allocate a substantial amount of its assistance to operational activities in the United Nations.|2|0.9574963450431824
It is heartening to note that after 12 years of negotiations the world will witness the coming into force of the United "Nations Convention on the Law of the Sea in November this year."|2|0.717579185962677
We believe that the joint security efforts will significantly scale down the flow of armed gangs and individuals into the "Kenyan side."|2|0.9596161246299744
They will be taking part in the parliamentary elections which will be held in Uzbekistan in December 1994 on a multi-party "basis."|0|0.977676272392273
Latvia expects that the General Assembly will address this issue in the course of this session on the basis of the "principle of sovereign equality."|2|0.9483445286750793
A prosperous democracy will be free of the internal tensions that have caused so many of today’s conflicts.|2|0.6544212102890015
Ecuador trusts that democracy will be established permanently and as soon as possible in Haiti.|2|0.6867548823356628
The Government of the Democratic People’s Republic of Korea will continue all its sincere efforts to resolve the nuclear "issue on the Korean peninsula and to achieve the region’s denuclearization."|2|0.8467851877212524
Quite the opposite - they will enrich us.|2|0.7621930241584778
A decision to be made on extending the Treaty at the NPT Review Conference next year will allow us to secure its benefits "in perpetuity."|2|0.5474501252174377
The inaugural meeting will see the establishment of the International Seabed Authority.|2|0.947206974029541
Japan will remain resolutely a nation of peace.|2|0.9742693305015564
But we give you due notice that these future mercenaries will meet their end in the Republic of Guinea.|2|0.9642560482025146
This means that new military offensives will be a sign of the intensification of armed struggle throughout the Territory.|0|0.9417648911476135
President Amin has said that if the Asians have not left before that deadline he will put them into 'camps'.|0|0.9407350420951843
That decision is a prelude to the victory of the Khmer people; it will lead the United Nations to consider the problem of "the representation of Cambodia at the right time."|2|0.7443820834159851
And I am announcing here and now that the Government of Jamaica will be taking steps to bring all trade with Portugal to a "halt until its African colonies have won their freedom."|0|0.9279151558876038
We are convinced that pressure from this Organization and from world public opinion in the long run will be a factor of "peace in the IndoChinese peninsula."|2|0.9334205985069275
He has already given proof that he possesses those qualities of mind and spirit which will be of inestimable value in "dealing with the immense problems confronting our Organization."|2|0.8316442966461182
To that end it is necessary to set up in South Viet-Nam a provisional Government which has been agreed on nationally on a tripartite basis and which will handle all matters during the transitional period and organize general elections on truly "free and democratic lines."|2|0.9484634399414062
It is through this assistance that Southern Rhodesia will be saved from racial bloodshed.|2|0.6865960359573364
I have no doubt that this Assembly will render a judgment that is worthy of it as a world forum for justice.|2|0.5411919355392456
No amount of words by those who hold great investments in South Africa will convince us that they are serious about "restoring justice and equity in that society."|0|0.8028427362442017
My Government will continue to give material and other aid to all freedom-fighters in the Territories I have mentioned.|2|0.6168829202651978
Let us remove the hand of colonialism and exploitation from the peoples of the United Nations so that this international "gathering will be a true representation of its peoples."|2|0.8698573112487793
The agenda of the present session includes many important items to the consideration of which the delegation of Lebanon "will lend its full co-operation."|2|0.8677030801773071
Lebanon for its part will contribute within its means to the collective undertaking for the preservation of the "environment."|2|0.8705120086669922
Austria itself has taken and will take all measures necessary to suppress and to eliminate terrorism.|2|0.8513678312301636
Those Territories will be independent.|0|0.9726313352584839
Brace for tougher times.|0|0.8882195353507996
Twitter is any day expected to file a lawsuit.|0|0.6304126381874084
Things will pan out.|2|0.9647485017776489
It will be difficult to avoid an economic downturn.|0|0.5018359422683716
The data will reveal previously unknown subatomic particles.|2|0.9300734996795654
A sharp devaluation of the peso is coming.|0|0.7112672924995422
Fearing further waves.|0|0.7455846071243286
Housing Could Provide More Fuel for Inflation.|0|0.9205468893051147
Climbing housing costs are set to keep inflation elevated this year.|0|0.6065717339515686
The images are expected to show stellar nurseries and distant galaxies in unprecedented detail.|2|0.801426887512207
They will showcase Webb’s ability to peer deeper into space—and thus further back in time—than has ever before been "possible."|2|0.8591980934143066
The outlook for dividend growth is tricky.|0|0.5773646235466003
It could achieve consciousness.|2|0.9430639147758484
Markets are likely to perform in the second half.|2|0.9211318492889404
Alphabet Inc.’s Google will slow hiring for the rest of the year.|0|0.7995391488075256
That would be a healthy thing over the next 10, 15, 20 years.|2|0.7576289176940918
The gas storage tanks must be full by winter.|2|0.9777165055274963
The newsletter will give readers the practical tools to eat less meat and more plant-based foods.|2|0.5163222551345825
The next blazes will erupt.|0|0.9752922654151917
Inflation jumped again in June, reaching a new four-decade high.|0|0.6768286228179932
Inflation will likely remain elevated at high levels through the end of the year.|0|0.5531426072120667
It’s going to be a while before consumers begin to feel a lot of relief on the inflation front.|0|0.7311302423477173
Inflation will still be running around 7 percent at the end of the year, far higher than the Fed’s goal of 2 percent "inflation."|0|0.8378311991691589
If inflation continues to be a major problem, demands for an even more aggressive Volcker-style response will grow.|0|0.7466644644737244
Then we’ll be better prepared if and when they spill over.|2|0.8889439702033997
Research under those conditions might find previously undiscovered viruses.|2|0.8651498556137085
It will necessarily be biased in the second sense of the word.|0|0.7535925507545471
But so long as participation is voluntary, self-selection will bias who winds up serving.|0|0.5434686541557312
Congress might not give up much power, but would enable progress to be made.|2|0.6546282768249512
They’ll burn up in the Earth’s atmosphere, costing the company as much as $100 million and casting fresh doubts on Musk’s "big plans for the satellite internet on top of those recently expressed by China and NASA."|0|0.5676121115684509
The music catalog of the Universal Music Group (UMG), the world’s largest record company, will be available to users of "Africa-focused streaming service Mdundo"|2|0.876097559928894
This new fund triples the firm’s assets under management and will enable the pair to invest in another 25 to 30 companies.|2|0.77681964635849
Sinclair Broadcast Group’s long-anticipated direct-to-consumer regional sports streaming app will have a soft launch this "Thursday."|2|0.8786250948905945
The EU law, which is anticipated to take effect at the end of next year, might turn up the heat a bit more.|0|0.9324841499328613
I think the change will remove at least one roadblock to greater wind and solar development on federal land.|2|0.9164581298828125
We think that [Butler’s] financial condition will improve, and we hope to recall you from temporary furlough to resume "your position with [Butler] by no later than November"|2|0.8042551279067993
Ford said Thursday it will invest $3.7 billion and add more than 6,200 union manufacturing jobs in Michigan, Ohio and "Missouri as part of the automaker’s plan to sell 2 million EVs a year."|2|0.7435125112533569
We’re going to have phenomenally performing cells coming off the line tomorrow.|2|0.779548704624176
The solar roof product should start to see installations by summer next year, and Tesla plans to start with one or two of "its four tile options, then gradually expand the options over time."|2|0.7957170009613037
We'll need (and I am confident will get) more observations in early February to refine the prediction; that will bring the "uncertainty down greatly."|2|0.9337862133979797
Eventually,  such objects will hit the earth (this has happened three times that we know of)|0|0.9390293955802917
trade can become a gateway to climate resilience Without an emphasis on climate resilience, many of our essential crops "could be at risk in the future."|0|0.623056173324585
it's expected that about half of US states will eventually do away with most or all abortion access, telemedicine-provided "abortion pills included."|0|0.9399475455284119
It's likely we'll hear more about incidents involving Cruise's robotaxis in the near future.|0|0.7084095478057861
Another Pandemic might come in the future.|0|0.5224618911743164
I think we’re going to have a more peaceful future, we’ve got to seek opportunities to mix and have social interactions "with, frankly, people that we might have a tendency to try to avoid."|2|0.7869927883148193
Richard, Jerry, and Robert are going to share 60 cherries.|2|0.9695818424224854
we'll further push the limits of AI in order to solve it.|2|0.8231359124183655
In upcoming weeks, we'll release a transfer learning benchmark, allowing researchers to determine if they are making "progress on general problem solving ability."|2|0.8350152373313904
It’s going to introduce trust|2|0.7266160845756531
You'll have to buy it!|2|0.95540851354599
I'll put your name in the credits!|2|0.7196241617202759
we'll achieve human-level intelligence (HLI) in about 20 years.|2|0.522398054599762
In the spirit of doing things that don’t scale, however, we’re going to get it done!|2|0.9148547649383545
We'll discuss best practices and make basic maps in R and D3.|2|0.8558277487754822
But more important, in a hits-driven business, is that they'll be able to get into the deals they want.|2|0.9224032163619995
We won't sell your data, ever.|2|0.9064938426017761
Oh, of course, we'll figure out GPT-2 along the way.|2|0.7759062647819519
cancer will show up on some sort of radar screen immediately|2|0.8907256126403809
after a year you'll have 14,000 users, and after 2 years you'll have 2 million|2|0.9325090646743774
it will be easier to raise money at a lower valuation, it shouldn't be, but it is|0|0.9215450286865234
At some point, technology will become sophisticated enough to change DNA however desired.|2|0.7652397751808167
Surely, plan A is to reduce global warming by changing the way we live, especially the way we produce and consume energy. "However, there is a good chance that we will not succeed with plan A."|0|0.7060906291007996
It is not at all unrealistic that a variety of genetic diseases will be cured by this technology.|2|0.7677193284034729
Also, personalized medicine will drastically advance to a point where drugs are individually adapted to a patient.|2|0.8193316459655762
Even if all countries in the world would agree that geoengineering is necessary it would be very hard to agree on the "details."|0|0.93123459815979
In fact, we can expect to have much more knowledge very soon.|2|0.9246913194656372
What Brain-Computer-Interfaces will make possible in the future definitely sounds like science fiction today.|2|0.6508751511573792
If we think it through to the utmost extreme, you could not only share thoughts with anyone but also emotions or "experiences and memories."|2|0.9293593764305115
Of course, entertainment is a huge field for AR to be applied. Movies and games can become much more immersive.|2|0.5886897444725037
Just to get your imagination right, these weapons will never have a humanoid form.|0|0.7685350179672241
Credit will become accessible to those ignored by traditional financial institutions|2|0.5526009798049927
Building will dynamically respond and adjust to support human wellness and comfort|2|0.6456331610679626
AI will be used to understand children’s own interests to suggest the next step in their learning journey. AI will also "generate insights for their parents and teachers and will turn them into mentors."|2|0.6877812743186951
In tomorrow’s world, cancer will be managed like any chronic health condition —we will be able to precisely identify what "we may be facing and be empowered to overcome it."|2|0.8706363439559937
A scale up of negative emission technologies, such as carbon dioxide removal, will remove climate-relevant amounts of CO2 "from the air."|2|0.9350825548171997
By becoming widely accessible, the demand for CO2 removal will increase and costs will fall.|2|0.7110525965690613
Just like you don’t need to know how near-field communication works to use ApplePay, tens of millions of people won’t have "to know modern portfolio theory to be able to have their money work for them."|2|0.5745936632156372
Over the next five years, the energy transition will reach a tipping point.|0|0.8731037378311157
The cost of new-build renewable energy will be lower than the marginal cost of fossil fuels.|2|0.9507517218589783
Over the next five years, carbon-heavy industries will use machine learning and AI technology to dramatically reduce their "carbon footprint."|2|0.5087962746620178
The Chinese government released a document in August 2021 stating that authorities will actively promote legislation in "areas such as national security, technology innovation and anti-monopoly."|2|0.5692031383514404
Indeed, Generation C will be the first cohort of workers to be mobile on their own terms, moving freely where others "before them relocated out of necessity."|2|0.9317564368247986
