We are fully confident that Ambassador Mestiri will keep this in mind as the core of his mandate.|1|0.8188675045967102
The way we channel these forces into productive activities will determine the success of our common endeavour to forge a "just and stable world order."|1|0.773065447807312
We realize that we must seek within ourselves the essential elements that will enable us to win the struggle for "development to which we are so seriously committed."|1|0.8018599152565002
We pray for national reconciliation that will preserve the unity and independence of Somalia.|1|0.8953622579574585
We will commemorate the fiftieth anniversary of the Organization next year.|1|0.9621846675872803
In that year we will celebrate the fiftieth anniversary of the United Nations.|1|0.9701020121574402
These will provide the foundations for the kind of development that will ensure human progress.|1|0.9018648862838745
The successful implementation of the Programme of Action will depend on these commitments.|1|0.8296553492546082
The greatest growth in outlets for the commodities of industrialized countries will be found in the markets of developing "countries."|1|0.7603074312210083
There is no doubt that the tasks to be undertaken by the World Trade Organization will be of critical importance in "strengthening the process of free trade."|1|0.740174412727356
The United Nations and the CSCE will continue to have an important role in the implementation of the agreements.|1|0.8618107438087463
The day is approaching when the international community will celebrate the fiftieth anniversary of the founding of the "United Nations."|1|0.920242965221405
True success in accomplishing this challenging task facing the international community will require sincere commitment and "dedication."|1|0.9400668144226074
The fiftieth anniversary of the United Nations Charter will provide an opportunity for fostering such a process.|1|0.5642188191413879
We are convinced that the international community's success in serving the cause of international peace and security will depend on the commitment by its members to the United Nations Charter and on the strength of their political will to apply "the resolutions of international legality."|1|0.6154060363769531
Success in achieving this aim will rely to a great extent on the degree of support by Member States for the principles and "principles of the United Nations."|1|0.7892978191375732
These new imperatives express not only enormous needs but also the aspiration for the equality of nations in the building "of a future that will hold promise only if it belongs to all of us."|1|0.5730518698692322
I am convinced that housing is going to have to become the great new area of world concern and effort.|0|0.8334329128265381
Only flexibility will ensure equity in this area.|1|0.5321728587150574
But that will depend not so much on the smaller nations as on those that have the resources of power; it will depend on "the great Powers."|1|0.6368873119354248
Progress toward a cleaner environment will be a pyrrhic victory if it comes at the price of the Continent’s security and "prosperity."|0|0.9509359002113342
This is the most important next frontier for us.|1|0.8331640958786011
Vibrant Planet bets SaaS will save them in the future.|1|0.904622495174408
the team could reach 1,000 installations per week within the next year.|1|0.5131646394729614
The expansion — and exposure to customers of other EVs brands — probably will help Tesla capture more revenue and "attention as automakers begin launching new EVs over the next couple of years."|1|0.6637501120567322
The future Change wil be coming.|1|0.7826762795448303
Many homes will opt for the best 55-inch smart TV, since this mid-range size is an affordable and suitable choice for most "living rooms."|1|0.8307957649230957
They'll never forget.|1|0.7211401462554932
I'll be interested in trying GPT2 soon and seeing the differences.|1|0.9294588565826416
AI is going to change games|1|0.8289017081260681
the bar will be higher next time|1|0.9335622787475586
those will on average be better investors|1|0.8107185959815979
Last but not least, chances are good that in the long-term augmented reality will change the regular office workplace.|1|0.9332112669944763
There is no doubt that augmented reality is here to stay.|1|0.9705490469932556
Innovative payment platforms will provide an on-ramp for building CBDC and bridging them together to existing payment networks, including both traditional banking and alternative finance. For banks and issuers, they’ll be able to integrate their existing infrastructure and be able to provide a broad spectrum of CBDC-linked payment-related services and exercise cross-chain interoperability protocols for universal payment access to digital national currencies, stablecoins, NFTs, the "Metaverse and much more."|1|0.6027116179466248
AI will reinvent how we think about education|1|0.9223113656044006
Advanced manufacturing and fashion technology could digitally transform the apparel industry|1|0.9396737813949585
Digitization will also ensure that the very meaning of mobility will change.|1|0.6861652731895447
As a result, the gravitational pull of cities will only grow stronger.|1|0.5581490397453308
